"timestamp","ozonId","message"
"2023-09-23T08:29:50.197Z","82884747","POST /business/api/setTariff.json"
"2023-09-23T07:21:36.845Z","35023817","POST /business/api/setTariff.json"
"2023-09-23T06:43:56.097Z","18536380","POST /business/api/setTariff.json"
"2023-09-23T04:37:28.838Z","70267318","POST /business/api/setTariff.json"
"2023-09-22T22:50:22.721Z","65013698","POST /business/api/setTariff.json"
"2023-09-22T21:46:01.807Z","132754672","POST /business/api/setTariff.json"
"2023-09-22T19:52:58.084Z","60578996","POST /business/api/setTariff.json"
"2023-09-22T18:51:25.935Z","93284975","POST /business/api/setTariff.json"
"2023-09-22T18:26:57.429Z","110383657","POST /business/api/setTariff.json"
"2023-09-22T17:12:53.315Z","32631313","POST /business/api/setTariff.json"
"2023-09-22T15:21:23.107Z","47592732","POST /business/api/setTariff.json"
"2023-09-22T15:16:00.571Z","5820961","POST /business/api/setTariff.json"
"2023-09-22T15:03:52.732Z","44845264","POST /business/api/setTariff.json"
"2023-09-22T14:59:45.117Z","106620764","POST /business/api/setTariff.json"
"2023-09-22T14:54:01.585Z","142730900","POST /business/api/setTariff.json"
"2023-09-22T14:37:11.529Z","51223859","POST /business/api/setTariff.json"
"2023-09-22T14:36:51.591Z","24627615","POST /business/api/setTariff.json"
"2023-09-22T13:57:20.800Z","90973847","POST /business/api/setTariff.json"
"2023-09-22T13:52:27.758Z","127410830","POST /business/api/setTariff.json"
"2023-09-22T13:50:00.282Z","58367034","POST /business/api/setTariff.json"
"2023-09-22T12:13:38.356Z","124678514","POST /business/api/setTariff.json"
"2023-09-22T12:07:58.441Z","35857630","POST /business/api/setTariff.json"
"2023-09-22T11:08:31.939Z","123521068","POST /business/api/setTariff.json"
"2023-09-22T10:43:06.009Z","47291077","POST /business/api/setTariff.json"
"2023-09-22T10:19:42.183Z","31085954","POST /business/api/setTariff.json: [{""message"":""gogolClient.SetTariff: rpc error: code = AlreadyExists desc = client already has same tariff: can't apply tariff"",""path"":[""clientTariff"",""set""],""extensions"":{""code"":""ALREADY_EXISTS"",""type"":""GRPC""}}]"
"2023-09-22T08:41:54.882Z","76100139","POST /business/api/setTariff.json"
"2023-09-22T07:14:10.690Z","42035308","POST /business/api/setTariff.json"
"2023-09-22T07:05:28.322Z","57297093","POST /business/api/setTariff.json"
"2023-09-22T07:00:03.057Z","128589988","POST /business/api/setTariff.json"
"2023-09-22T06:43:42.169Z","139916028","POST /business/api/setTariff.json"
"2023-09-22T06:29:45.729Z","84126150","POST /business/api/setTariff.json"
"2023-09-22T06:25:05.573Z","125969756","POST /business/api/setTariff.json"
"2023-09-22T06:07:39.761Z","58096519","POST /business/api/setTariff.json"
"2023-09-22T02:29:06.915Z","113137045","POST /business/api/setTariff.json"
"2023-09-22T01:51:54.431Z","3692171","POST /business/api/setTariff.json"
"2023-09-21T20:33:29.971Z","8020950","POST /business/api/setTariff.json"
"2023-09-21T19:35:13.892Z","32624935","POST /business/api/setTariff.json"
"2023-09-21T19:06:20.715Z","58580010","POST /business/api/setTariff.json"
"2023-09-21T18:54:50.665Z","58184490","POST /business/api/setTariff.json"
"2023-09-21T18:20:18.498Z","27663700","POST /business/api/setTariff.json"
"2023-09-21T17:58:05.027Z","44654183","POST /business/api/setTariff.json"
"2023-09-21T17:08:14.224Z","38909837","POST /business/api/setTariff.json"
"2023-09-21T16:48:07.278Z","26262876","POST /business/api/setTariff.json"
"2023-09-21T16:10:16.534Z","24135860","POST /business/api/setTariff.json"
"2023-09-21T16:06:53.023Z","101393097","POST /business/api/setTariff.json"
"2023-09-21T15:06:21.250Z","51006544","POST /business/api/setTariff.json"
"2023-09-21T14:44:43.427Z","44230893","POST /business/api/setTariff.json"
"2023-09-21T14:07:34.517Z","70175448","POST /business/api/setTariff.json"
"2023-09-21T13:54:38.811Z","112015206","POST /business/api/setTariff.json"
"2023-09-21T13:36:09.409Z","48875279","POST /business/api/setTariff.json"
"2023-09-21T13:34:19.749Z","31514978","POST /business/api/setTariff.json"
"2023-09-21T13:31:47.719Z","26642654","POST /business/api/setTariff.json"
"2023-09-21T13:30:59.438Z","29243669","POST /business/api/setTariff.json"
"2023-09-21T13:20:27.839Z","68194889","POST /business/api/setTariff.json"
"2023-09-21T13:18:37.554Z","33465157","POST /business/api/setTariff.json"
"2023-09-21T12:48:25.261Z","101662271","POST /business/api/setTariff.json"
"2023-09-21T12:44:08.664Z","132102199","POST /business/api/setTariff.json"
"2023-09-21T11:47:17.739Z","55573327","POST /business/api/setTariff.json"
"2023-09-21T11:34:00.136Z","69114056","POST /business/api/setTariff.json"
"2023-09-21T11:11:59.963Z","83975042","POST /business/api/setTariff.json"
"2023-09-21T11:03:40.251Z","73459066","POST /business/api/setTariff.json"
"2023-09-21T10:56:17.189Z","63468596","POST /business/api/setTariff.json"
"2023-09-21T09:43:31.467Z","38814282","POST /business/api/setTariff.json"
"2023-09-21T09:21:21.434Z","66650654","POST /business/api/setTariff.json"
"2023-09-21T09:05:50.666Z","33155190","POST /business/api/setTariff.json"
"2023-09-21T07:29:40.764Z","44914914","POST /business/api/setTariff.json"
"2023-09-21T07:17:34.266Z","104643839","POST /business/api/setTariff.json"
"2023-09-21T06:39:37.025Z","111222306","POST /business/api/setTariff.json"
"2023-09-21T06:27:23.103Z","65522158","POST /business/api/setTariff.json"
"2023-09-21T06:11:20.116Z","49516261","POST /business/api/setTariff.json"
"2023-09-21T05:39:25.017Z","15875516","POST /business/api/setTariff.json"
"2023-09-21T05:31:34.819Z","142434419","POST /business/api/setTariff.json"
"2023-09-21T05:22:14.689Z","51509185","POST /business/api/setTariff.json"
"2023-09-21T04:57:10.389Z","29616930","POST /business/api/setTariff.json"
"2023-09-21T02:58:30.938Z","48944916","POST /business/api/setTariff.json"
"2023-09-21T02:13:35.926Z","34150654","POST /business/api/setTariff.json"
"2023-09-20T21:39:51.965Z","33019129","POST /business/api/setTariff.json"
"2023-09-20T19:55:26.843Z","79498241","POST /business/api/setTariff.json"
"2023-09-20T17:40:25.620Z","66611568","POST /business/api/setTariff.json"
"2023-09-20T17:35:01.612Z","43298535","POST /business/api/setTariff.json"
"2023-09-20T17:09:09.103Z","46687254","POST /business/api/setTariff.json"
"2023-09-20T17:05:28.842Z","55043371","POST /business/api/setTariff.json"
"2023-09-20T16:38:19.773Z","90458033","POST /business/api/setTariff.json"
"2023-09-20T16:28:38.601Z","26173463","POST /business/api/setTariff.json"
"2023-09-20T16:21:01.905Z","87705462","POST /business/api/setTariff.json"
"2023-09-20T16:10:17.944Z","45053364","POST /business/api/setTariff.json"
"2023-09-20T16:02:32.899Z","15623447","POST /business/api/setTariff.json"
"2023-09-20T15:48:41.028Z","44937116","POST /business/api/setTariff.json"
"2023-09-20T15:20:38.856Z","48504808","POST /business/api/setTariff.json"
"2023-09-20T15:10:56.811Z","30702363","POST /business/api/setTariff.json"
"2023-09-20T15:05:51.186Z","20778106","POST /business/api/setTariff.json"
"2023-09-20T15:04:15.757Z","40224761","POST /business/api/setTariff.json"
"2023-09-20T14:40:59.804Z","7029033","POST /business/api/setTariff.json"
"2023-09-20T13:24:16.435Z","39112526","POST /business/api/setTariff.json"
"2023-09-20T12:53:22.718Z","127826530","POST /business/api/setTariff.json"
"2023-09-20T11:55:13.345Z","49516261","POST /business/api/setTariff.json"
"2023-09-20T11:41:51.189Z","60770916","POST /business/api/setTariff.json"
"2023-09-20T11:10:02.382Z","139882053","POST /business/api/setTariff.json"
"2023-09-20T10:56:05.636Z","56684732","POST /business/api/setTariff.json"
"2023-09-20T10:30:43.283Z","16635480","POST /business/api/setTariff.json"
"2023-09-20T10:27:44.863Z","95563410","POST /business/api/setTariff.json"
"2023-09-20T10:23:19.680Z","130821822","POST /business/api/setTariff.json"
"2023-09-20T10:15:10.470Z","55897998","POST /business/api/setTariff.json"
"2023-09-20T09:42:51.841Z","136324275","POST /business/api/setTariff.json"
"2023-09-20T09:14:19.172Z","45005951","POST /business/api/setTariff.json"
"2023-09-20T09:08:49.706Z","128219662","POST /business/api/setTariff.json"
"2023-09-20T08:57:38.781Z","47986605","POST /business/api/setTariff.json: [{""message"":""gogolClient.SetTariff: rpc error: code = AlreadyExists desc = client already has same tariff: can't apply tariff"",""path"":[""clientTariff"",""set""],""extensions"":{""code"":""ALREADY_EXISTS"",""type"":""GRPC""}}]"
"2023-09-20T08:51:01.141Z","71447251","POST /business/api/setTariff.json"
"2023-09-20T08:20:40.133Z","76679501","POST /business/api/setTariff.json"
"2023-09-20T08:02:29.210Z","36749178","POST /business/api/setTariff.json"
"2023-09-20T07:42:16.251Z","35337824","POST /business/api/setTariff.json"
"2023-09-20T07:37:08.796Z","36884892","POST /business/api/setTariff.json"
"2023-09-20T07:26:09.997Z","90477038","POST /business/api/setTariff.json"
"2023-09-20T07:23:06.536Z","107976050","POST /business/api/setTariff.json"
"2023-09-20T05:56:33.654Z","55954866","POST /business/api/setTariff.json"
"2023-09-20T05:18:12.861Z","93808720","POST /business/api/setTariff.json"
"2023-09-20T05:10:16.119Z","60541994","POST /business/api/setTariff.json"
"2023-09-20T04:51:26.222Z","39460906","POST /business/api/setTariff.json"
"2023-09-20T04:46:15.831Z","140980871","POST /business/api/setTariff.json"
"2023-09-20T01:56:58.710Z","85731466","POST /business/api/setTariff.json"
